link,district,state,nces_id,page_number,type
http://www.accomack.k12.va.us//apps/pages/index.jsp?uREC_ID=265997&type=d&termREC_ID=&pREC_ID=802365,accomack co pblc schs,virginia,5100060,1,LINK
NA,NA,NA,NA,NA,LINK
NA,NA,NA,NA,NA,LINK
http://www2.k12albemarle.org/Pages/default.aspx/acps/division/communications/Pages/Supporting-Student-Learning-During-Our-Closure.aspx,albemarle co pblc schs,virginia,5100090,3,LINK
http://www2.k12albemarle.org/Pages/default.aspx/acps/division/communications/Pages/School-Closure-Extended-Through-April-10.aspx,albemarle co pblc schs,virginia,5100090,4,LINK
NA,NA,NA,NA,NA,LINK
NA,NA,NA,NA,NA,LINK
https://www.k12albemarle.org/acps/division/Pages/COVID-19.aspx,albemarle co pblc schs,virginia,5100090,7,LINK
http://www.alleghany.k12.va.us//superintendent/policy_manual/section_b___school_board_governance_and_operations/b_b_f_a_--_conflict_of_interest___disclosure_of,alleghany co pblc schs,virginia,5100152,1,LINK
http://www.alleghany.k12.va.us/c_o_v_i_d-19_information_from_ACPS,alleghany co pblc schs,virginia,5100152,2,LINK
https://www.apsva.us/post/free-meals-for-students-during-closures/,arlington co pblc schs,virginia,5100270,1,LINK
https://www.apsva.us/post/update-on-coronavirus-guidelines/,arlington co pblc schs,virginia,5100270,2,LINK
http://www.augusta.k12.va.us/domain/3705,augusta co pblc schs,virginia,5100300,1,LINK
http://www.augusta.k12.va.us/domain/3709,augusta co pblc schs,virginia,5100300,2,LINK
https://www.augusta.k12.va.us/covid19,augusta co pblc schs,virginia,5100300,3,LINK
NA,NA,NA,NA,NA,LINK
http://www.bcps.k12.va.us/anouncements/information_regarding_coronavirus___march_9__2020,botetourt co pblc schs,virginia,5100420,1,LINK
http://www.bcps.k12.va.us/c_o_v_i_d-19,botetourt co pblc schs,virginia,5100420,2,LINK
https://www.bvps.org/apps/pages/covid19.info,bristol city pblc schs,virginia,5100450,1,LINK
http://www.brunswickcps.org/apps/pages/index.jsp?uREC_ID=441354&type=d,brunswick co pblc schs,virginia,5100480,1,LINK
http://www.brunswickcps.org/apps/news/show_news.jsp?REC_ID=633580&id=0,brunswick co pblc schs,virginia,5100480,2,LINK
http://www.brunswickcps.org/apps/news/show_news.jsp?REC_ID=632729&id=0,brunswick co pblc schs,virginia,5100480,3,LINK
http://www.brunswickcps.org/apps/news/show_news.jsp?REC_ID=632466&id=0,brunswick co pblc schs,virginia,5100480,4,LINK
http://www.brunswickcps.org/apps/news/show_news.jsp?REC_ID=628998&id=0,brunswick co pblc schs,virginia,5100480,5,LINK
http://www.brunswickcps.org/apps/news/show_news.jsp?REC_ID=629161&id=0,brunswick co pblc schs,virginia,5100480,6,LINK
http://www.brunswickcps.org/apps/news/show_news.jsp?REC_ID=623875&id=0,brunswick co pblc schs,virginia,5100480,7,LINK
http://www.brunswickcps.org/apps/news/show_news.jsp?REC_ID=622510&id=0,brunswick co pblc schs,virginia,5100480,8,LINK
http://www.brunswickcps.org/apps/video/watch.jsp?v=10057302,brunswick co pblc schs,virginia,5100480,9,LINK
http://www.bvcps.net/bvcps_covid19_information_center,buena vista city pblc schs,virginia,5100560,1,LINK
http://www.bvcps.net/our_school_system/bvcps_coronavirus_information_page,buena vista city pblc schs,virginia,5100560,2,LINK
http://www.campbell.k12.va.us/news/letterfromthesuperintendentcovid-19novelcoronavirus,campbell co pblc schs,virginia,5100600,1,LINK
https://sites.google.com/campbell.k12.va.us/ccpsathomelearning/home?authuser=0,campbell co pblc schs,virginia,5100600,2,LINK
https://www.ccps.us/2020/03/ccps-covid-19-information/,caroline co pblc schs,virginia,5100660,1,LINK
https://www.ccps.us/2020/03/covid-19-update-2/,caroline co pblc schs,virginia,5100660,2,LINK
https://www.ccps.us/2020/03/covid-19-social-and-emotional-learning-resources/,caroline co pblc schs,virginia,5100660,3,LINK
https://www.ccpsd.k12.va.us/news-releases-658abcd9,carroll co pblc schs,virginia,5100690,1,LINK
http://www.ccpsd.k12.va.us#,carroll co pblc schs,virginia,5100690,2,LINK
https://u3352875.ct.sendgrid.net/ls/click?upn=pdJK58JPYxetdpRmhLoVbcNVRKVjTcgVsTQNClyeMFv8-2BuInV9CwApmUHhNBnURYua5YuRXGMzk3xlIeaSApXw-3D-3DIEvx_D9SxkMEYhn9aSwTiKT3WtCK82XOrAu66KDvgNKUNVOTTT99mNRJAEB2CivCpu-2Bt2tyCO4vibScvgoYF7i-2BjCnoIK-2BCVtZkMX1LsfJgZMHV-2FppEvVYXsisIzjazs4Lp-2BM3B02pd97L3cmUvPChQyRJV9GgeZHTHJdLUasDh70Y8-2BWP-2FXQ-2BDNGi-2FzDR2ZBpO2sz9DcckDV95EybBqjUf8acMX8mPFMdzWZKVidxQywkTc4MlbHzFWMz1gPlCHZHDQKoNqgzLEPXp5TUgGMHKadjzu3MQ1IvuGlAR0zW1JjrYGCPidxHh-2BWA-2BUCBhWl-2Fu9pzgCzIvCqE-2FC2fF93hAtB3wVMeKwPAVGwU87-2FRZ59al5ovLBBdoT-2Fo7oGrjAlhxXy,charles city co pblc schs,virginia,5100720,1,LINK
https://echalk-slate-prod.s3.amazonaws.com/private/districts/74239/resources/9dee2e94-84cf-4ee0-9352-ea5d693eeb54?AWSAccessKeyId=AKIAJSZKIBPXGFLSZTYQ&Expires=1899380000&response-cache-control=private%2C%20max-age%3D31536000&response-content-disposition=%3Bfilename%3D%22Second%2520COVID-19%2520Community%2520Update%2520Letter.pdf%22&response-content-type=application%2Fpdf&Signature=m2TagWXhhoH4dh%2F8h0M%2BMVgWlac%3D,charles city co pblc schs,virginia,5100720,2,LINK
http://www.ccpsk12.org/c_o_v_i_d-19___state_information_,charlotte co pblc schs,virginia,5100750,1,LINK
http://www.ccpsk12.org/c_o_v_i_d-19___state_information_/f_a_q_due_to_c_o_v_i_d-19,charlotte co pblc schs,virginia,5100750,2,LINK
http://charlottesvilleschools.org/coronavirus/,charlottesville cty pblc schs,virginia,5100780,1,LINK
http://charlottesvilleschools.org/coronavirus,charlottesville cty pblc schs,virginia,5100780,3,LINK
https://mychesterfieldschools.com/coronavirus-information/,chesterfield co pblc schs,virginia,5100840,1,LINK
http://www.cbschools.net/news/what_s_new/nurse_lewis_-_c_o_v_i_d-19_info,colonial beach pblc schs,virginia,5100930,1,LINK
http://www.cbschools.net/news/what_s_new/coronavirus_letter_from_the_superintendent,colonial beach pblc schs,virginia,5100930,2,LINK
NA,NA,NA,NA,NA,LINK
NA,NA,NA,NA,NA,LINK
NA,NA,NA,NA,NA,LINK
http://eps.covington.k12.va.us/,covington city pblc schs,virginia,5100990,1,LINK
http://covington.k12.va.us/cms/One.aspx?portalId=177054&pageId=32136743,covington city pblc schs,virginia,5100990,2,LINK
NA,NA,NA,NA,NA,LINK
http://covingtoncsd.ss13.sharpschool.com/departments/child_nutrition,covington city pblc schs,virginia,5100990,7,LINK
https://covington.powerschool.com/public/home.html,covington city pblc schs,virginia,5100990,8,LINK
http://www.covington.k12.va.us/common/controls/general/email/Default.aspx?action=sendemailtous&recipients=sfuhrman%40covington.k12.va.us&key=gh%2bvE2ICRrTxY2a4CFmHZZaV4F38BnhouflldzJ%2bz28Pa3k7vt%2b7wAb53tp65Bj6GOam%2fRF35zdxBjggOLSONLjpX5Q%3d,covington city pblc schs,virginia,5100990,9,LINK
http://www.craig.k12.va.us/c_o_v_i_d-19,craig co pblc schs,virginia,5101020,1,LINK
http://www.craig.k12.va.us/c_o_v_i_d-19/c_o_v_i_d-19_informational_sessions,craig co pblc schs,virginia,5101020,2,LINK
http://www.craig.k12.va.us/c_o_v_i_d-19/c_o_v_i_d-19_fact_sheet,craig co pblc schs,virginia,5101020,3,LINK
http://www.craig.k12.va.us/c_o_v_i_d-19/c_o_v_i_d-19_c_d_c_resources,craig co pblc schs,virginia,5101020,4,LINK
http://www.culpeperschools.org/news/what_s_new/c_o_v_i_d-19_prep,culpeper co pblc schs,virginia,5101050,1,LINK
http://www.danvillepublicschools.org//c_o_v_i_d_-_19,danville city pblc schs,virginia,5101110,1,LINK
https://danvillepublicschools.org/cms/One.aspx?portalId=158906&pageId=7532244,danville city pblc schs,virginia,5101110,3,LINK
NA,NA,NA,NA,NA,LINK
http://www.fcps.edu/news/coronavirus-update,fairfax co pblc schs,virginia,5101260,1,LINK
http://www.fcps.edu/news/coronavirus-update-resources-contribute,fairfax co pblc schs,virginia,5101260,2,LINK
http://www.fcps.edu/news/coronavirus-update-supt-messages,fairfax co pblc schs,virginia,5101260,3,LINK
http://www.fcps.edu/news/coronavirus-update-faqs,fairfax co pblc schs,virginia,5101260,6,LINK
http://www.fccps.org/o/fccps/page/covid-19-plan,falls church city pblc schs,virginia,5101290,1,LINK
http://www.fccps.org/o/fccps/page/tj-covid-19,falls church city pblc schs,virginia,5101290,2,LINK
http://www.fccps.org/o/fccps/page/faq-coronavirus,falls church city pblc schs,virginia,5101290,3,LINK
http://www.fccps.org/article/237176?org=fccps,falls church city pblc schs,virginia,5101290,4,LINK
http://www.fcps1.org//domain/1251,fauquier co pblc schs,virginia,5101320,1,LINK
http://www.floyd.k12.va.us/domain/2254,floyd co pblc schs,virginia,5101350,1,LINK
NA,NA,NA,NA,NA,LINK
http://fluco.org/covid-19/,fluvanna co pblc schs,virginia,5101380,1,LINK
http://fluco.org/2020/03/13/fluvanna-county-public-schools-covid-19-preparation-plan-and-frequently-asked-questions/,fluvanna co pblc schs,virginia,5101380,3,LINK
http://www.fcpsva.org/apps/pages/index.jsp?uREC_ID=439791&type=d,franklin city pblc schs,virginia,5101410,1,LINK
http://www.frederick.k12.va.us/cms/one.aspx?portalId=135936&pageId=23550954,frederick co pblc schs,virginia,5101470,1,LINK
http://www.frederick.k12.va.us/newsroom/news/graduation_ceremonies_to_be_held_virtually,frederick co pblc schs,virginia,5101470,2,LINK
http://www.cityschools.com/coronavirus/,fredericksburg city pblc schs,virginia,5101510,1,LINK
http://sbo.gilesk12.org/UserFiles/Servers/Server_349858/File/Parents%20Guide%20to%20Coronavirus.docx,giles co pblc schs,virginia,5101590,1,LINK
http://gcps.ss13.sharpschool.com/central_office/news/what_s_new/c_o_v_i_d-19,giles co pblc schs,virginia,5101590,2,LINK
NA,NA,NA,NA,NA,LINK
https://www.dss.virginia.gov/geninfo/corona.cgi,grayson co pblc schs,virginia,5101690,1,LINK
https://docs.google.com/document/d/1WQk3_9e_nMp2ho-nuIYJRzjwnTWU5Osd_Zm5OivDZ7M/edit?usp=sharing,grayson co pblc schs,virginia,5101690,2,LINK
http://www.greenecountyschools.com/domain/355,greene co pblc schs,virginia,5101710,1,LINK
NA,NA,NA,NA,NA,LINK
NA,NA,NA,NA,NA,LINK
NA,NA,NA,NA,NA,LINK
http://www.gcps1.com/domain/372,greensville co pblc schs,virginia,5101740,1,LINK
NA,NA,NA,NA,NA,LINK
NA,NA,NA,NA,NA,LINK
NA,NA,NA,NA,NA,LINK
http://www.highland.k12.va.us/../../site/default.aspx?PageType=3&ModuleInstanceID=1884&ViewID=ed695a1c-ef13-4546-b4eb-4fefcdd4f389&RenderLoc=0&FlexDataID=3039&PageID=9&Comments=true,highland co pblc schs,virginia,5101950,1,LINK
http://www.highland.k12.va.us/../../site/default.aspx?PageType=3&DomainID=8&ModuleInstanceID=2010&ViewID=6446EE88-D30C-497E-9316-3F8874B3E108&RenderLoc=0&FlexDataID=3032&PageID=9&Comments=true,highland co pblc schs,virginia,5101950,2,LINK
http://www.highland.k12.va.us/../../site/default.aspx?PageType=3&DomainID=8&ModuleInstanceID=2010&ViewID=6446EE88-D30C-497E-9316-3F8874B3E108&RenderLoc=0&FlexDataID=3028&PageID=9,highland co pblc schs,virginia,5101950,3,LINK
http://www.highland.k12.va.us/../../site/default.aspx?PageType=3&DomainID=8&ModuleInstanceID=2010&ViewID=6446EE88-D30C-497E-9316-3F8874B3E108&RenderLoc=0&FlexDataID=3028&PageID=9&Comments=true,highland co pblc schs,virginia,5101950,4,LINK
http://www.hopewell.k12.va.us/apps/pages/index.jsp?uREC_ID=1697605&type=d,hopewell city pblc schs,virginia,5101980,1,LINK
http://www.kqps.net//domain/164,king and queen co pblc schs,virginia,5102070,1,LINK
http://www.kqps.net/../../site/default.aspx?PageType=3&DomainID=4&ModuleInstanceID=81&ViewID=6446EE88-D30C-497E-9316-3F8874B3E108&RenderLoc=0&FlexDataID=765&PageID=1&Comments=true,king and queen co pblc schs,virginia,5102070,2,LINK
http://www.kqps.net/../../site/default.aspx?PageType=3&DomainID=4&ModuleInstanceID=81&ViewID=6446EE88-D30C-497E-9316-3F8874B3E108&RenderLoc=0&FlexDataID=753&PageID=1&Comments=true,king and queen co pblc schs,virginia,5102070,3,LINK
http://www.kqps.net/../../site/default.aspx?PageType=3&DomainID=4&ModuleInstanceID=81&ViewID=6446EE88-D30C-497E-9316-3F8874B3E108&RenderLoc=0&FlexDataID=750&PageID=1,king and queen co pblc schs,virginia,5102070,4,LINK
http://www.kqps.net/../../site/default.aspx?PageType=3&DomainID=4&ModuleInstanceID=81&ViewID=6446EE88-D30C-497E-9316-3F8874B3E108&RenderLoc=0&FlexDataID=746&PageID=1,king and queen co pblc schs,virginia,5102070,5,LINK
https://www.lcs.k12.va.us/covid-19-updates--50#forms,lancaster co pblc schs,virginia,5102160,1,LINK
http://www.lcps.k12.va.us/news/what_s_new/l_c_p_s_launches_coronavirus_response_page,louisa co pblc schs,virginia,5102280,1,LINK
https://5il.co/e6jg,lunenburg co pblc schs,virginia,5102310,1,LINK
https://5il.co/dfb9,lunenburg co pblc schs,virginia,5102310,2,LINK
https://www.lunenburgcountyschools.org/article/211623?org=lunenburg-county-school-district,lunenburg co pblc schs,virginia,5102310,3,LINK
NA,NA,NA,NA,NA,LINK
http://www.lcsedu.net/2020/04/28/lcs-staff-member-tests-positive-covid-19,lynchburg city pblc schs,virginia,5102340,1,LINK
http://www.lcsedu.net/2020/04/08/lcs-modified-grading-practice-due-covid-19-closure,lynchburg city pblc schs,virginia,5102340,2,LINK
http://www.lcsedu.net/covid-19-updates,lynchburg city pblc schs,virginia,5102340,4,LINK
https://www.mcpsva.org/Page/4319,manassas city pblc schs,virginia,5102360,1,LINK
https://www.martinsville.k12.va.us/departments/student-services/nurses-corner,martinsville city pblc schs,virginia,5102400,1,LINK
http://www.vdh.virginia.gov/coronavirus,mathews co pblc schs,virginia,5102430,1,LINK
http://www.mathews.k12.va.us/covid-19-b8e62c64,mathews co pblc schs,virginia,5102430,2,LINK
NA,NA,NA,NA,NA,LINK
http://www.mcps.org/covid19/resources_for_c_o_v_i_d-19,montgomery co pblc schs,virginia,5102520,1,LINK
http://www.nelson.k12.va.us/health-and-wellness-update-a2ce5bc7,nelson co pblc schs,virginia,5102580,1,LINK
http://www.newkentschools.org/for_parents/c_o_v_i_d-19_distance_learning_2020,new kent co pblc schs,virginia,5102610,1,LINK
http://www.newkentschools.org/what_s_new/covid-19_update,new kent co pblc schs,virginia,5102610,2,LINK
http://newkentschools.org/cms/One.aspx?portalId=20861&pageId=49813789,new kent co pblc schs,virginia,5102610,4,LINK
http://www.nnschools.org/coronavirus/,newport news city pblc schs,virginia,5102640,1,LINK
http://www.nnschools.org/coronavirus/index-sp.html,newport news city pblc schs,virginia,5102640,2,LINK
http://www.sbo.nn.k12.va.us//coronavirus/faq-secondary.html,newport news city pblc schs,virginia,5102640,3,LINK
http://www.nps.k12.va.us/domain/4555,norfolk city pblc schs,virginia,5102670,1,LINK
https://www.npsk12.com/Page/15803,norfolk city pblc schs,virginia,5102670,2,LINK
NA,NA,NA,NA,NA,LINK
http://www.nortoncityschools.org/Content/266,norton city pblc schs,virginia,5102760,1,LINK
https://sites.google.com/nottowayschools.org/ncps-covid-19/home,nottoway co pblc schs,virginia,5102790,1,LINK
http://www.ocss-va.org/covid-19/,orange co pblc schs,virginia,5102820,1,LINK
http://www.powhatan.k12.va.us/groups/66663/student_services_and_interventions/student_registration_covid,powhatan co pblc schs,virginia,5103030,1,LINK
http://www.powhatan.k12.va.us/groups/79021/covid19/faqs,powhatan co pblc schs,virginia,5103030,2,LINK
https://www.powhatanva.com/1692/COVID-19-Resources,powhatan co pblc schs,virginia,5103030,3,LINK
https://echalk-slate-prod.s3.amazonaws.com/private/districts/4364/resources/c81190a4-a3ea-4a5b-bb19-1e5f8083dfdf?AWSAccessKeyId=AKIAJSZKIBPXGFLSZTYQ&Expires=1901229460&response-cache-control=private%2C%20max-age%3D31536000&response-content-disposition=%3Bfilename%3D%22Elementary%2520Grading%2520Plan%2520for%2520Continuity%2520of%2520Instruction%2520During%2520Closure%252004%252002%25202020.pdf%22&response-content-type=application%2Fpdf&Signature=9bzHhocerR4HghvuW%2FdOKgef5rw%3D,prince george co pblc schs,virginia,5103090,1,LINK
https://echalk-slate-prod.s3.amazonaws.com/private/districts/4364/resources/73917a8f-7d36-4ca4-bdb2-eef39c515b0f?AWSAccessKeyId=AKIAJSZKIBPXGFLSZTYQ&Expires=1900354633&response-cache-control=private%2C%20max-age%3D31536000&response-content-disposition=%3Bfilename%3D%22PGCPS%2520Update%2520-%2520Schools%2520Closed%2520Through%2520End%2520Of%2520School%2520Year%252003%252023%25202020.pdf%22&response-content-type=application%2Fpdf&Signature=NF2%2BWC%2BH%2B6sqU%2Bff0N6UPeoI1zA%3D,prince george co pblc schs,virginia,5103090,2,LINK
https://echalk-slate-prod.s3.amazonaws.com/private/districts/4364/resources/86a388a3-b956-4736-a539-d675b063d3d1?AWSAccessKeyId=AKIAJSZKIBPXGFLSZTYQ&Expires=1900529709&response-cache-control=private%2C%20max-age%3D31536000&response-content-disposition=%3Bfilename%3D%22PGCPS%2520FAQs%25203252020.pdf%22&response-content-type=application%2Fpdf&Signature=5mg1sqseLA4W0SXUYfB5r%2Fny9G8%3D,prince george co pblc schs,virginia,5103090,3,LINK
http://www.pwcs.edu/news/what_s_new/coronavirus-related_changes_in_operations,prince william co pblc schs,virginia,5103130,1,LINK
https://www.pwcs.edu/news/what_s_new/coronavirus-related_changes_in_operations,prince william co pblc schs,virginia,5103130,2,LINK
http://www.rcps.org/apps/pages/index.jsp?uREC_ID=1691993&type=d,radford city pblc schs,virginia,5103180,1,LINK
http://www.rvaschools.net/covid-19-food,richmond city pblc schs,virginia,5103240,1,LINK
http://www.rvaschools.net/covid-19,richmond city pblc schs,virginia,5103240,2,LINK
http://www.richmond-county.k12.va.us/News/75,richmond co pblc schs,virginia,5103270,1,LINK
https://rcps.info/news/what_s_new/coronavirus_information,roanoke city pblc schs,virginia,5103300,1,LINK
http://www.russell.k12.va.us/administrativedepartments/health-safety/archieved-coronavirus-communications,russell co pblc schs,virginia,5103420,1,LINK
http://www.google.com/url?q=http%3A%2F%2Fwww.vdh.virginia.gov%2Fcoronavirus%2F&sa=D&sntz=1&usg=AFQjCNEwyjC8Yf_RKwROmRrx6p9VNPgi_g,russell co pblc schs,virginia,5103420,2,LINK
https://www.google.com/url?q=https%3A%2F%2Fwww.cdc.gov%2Fcoronavirus%2F2019-ncov%2Findex.html&sa=D&sntz=1&usg=AFQjCNFReparL1qkL7Qb_9ratGh7ZrSb7Q,russell co pblc schs,virginia,5103420,3,LINK
http://www.salem.k12.va.us/covid19-chromebook-support/,salem city pblc schs,virginia,5103460,1,LINK
NA,NA,NA,NA,NA,LINK
NA,NA,NA,NA,NA,LINK
NA,NA,NA,NA,NA,LINK
http://www.spotsylvania.k12.va.us/domain/2994,spotsylvania co pblc schs,virginia,5103640,1,LINK
https://www.spotsylvania.k12.va.us/domain/2994,spotsylvania co pblc schs,virginia,5103640,3,LINK
https://www.staffordschools.net/Page/29163,stafford co pblc schs,virginia,5103660,1,LINK
https://www.cdc.gov/coronavirus/2019-nCoV/summary.html,stafford co pblc schs,virginia,5103660,2,LINK
NA,NA,NA,NA,NA,LINK
http://www.spsk12.net/departments/student_health/coronavirus__covid-19__resources,suffolk city pblc schs,virginia,5103710,1,LINK
https://content.govdelivery.com/accounts/VADOE/bulletins/2831893,sussex co pblc schs,virginia,5103780,1,LINK
https://www.sussex.k12.va.us/Page/495,sussex co pblc schs,virginia,5103780,2,LINK
https://www.sussex.k12.va.us/Page/482,sussex co pblc schs,virginia,5103780,3,LINK
NA,NA,NA,NA,NA,LINK
https://www.vbschools.com/students/health_and_guidance_services/health_services_for_students/coronavirus,va beach city pblc schs,virginia,5103840,1,LINK
http://www.wcps.k12.va.us/index.php/community/coronavirus-update,warren co pblc schs,virginia,5103870,1,LINK
http://www.waynesboro.k12.va.us/cms/One.aspx?portalId=215210&pageId=41996663,waynesboro city pblc schs,virginia,5103930,1,LINK
https://www.wpschools.net/covid-19-information-5201703a,west point pblc schs,virginia,5103950,1,LINK
https://wjccschools.org/coronavirus/#lesson-videos,williamsburg-james city pblc schs,virginia,5104020,1,LINK
https://wjccschools.org/coronavirus/#grab-and-go,williamsburg-james city pblc schs,virginia,5104020,2,LINK
https://wjccschools.org/coronavirus/,williamsburg-james city pblc schs,virginia,5104020,3,LINK
NA,NA,NA,NA,NA,LINK
NA,NA,NA,NA,NA,LINK
NA,NA,NA,NA,NA,LINK
NA,NA,NA,NA,NA,LINK
NA,NA,NA,NA,NA,LINK
http://wythe.k12.va.us/c_o_v_i_d_-_19,wythe co pblc schs,virginia,5104110,1,LINK
https://wythe.k12.va.us/c_o_v_i_d_-_19,wythe co pblc schs,virginia,5104110,2,LINK
NA,NA,NA,NA,NA,LINK
NA,NA,NA,NA,NA,LINK
NA,NA,NA,NA,NA,ATTACHMENT
NA,NA,NA,NA,NA,ATTACHMENT
NA,NA,NA,NA,NA,ATTACHMENT
NA,NA,NA,NA,NA,ATTACHMENT
NA,NA,NA,NA,NA,ATTACHMENT
NA,NA,NA,NA,NA,ATTACHMENT
NA,NA,NA,NA,NA,ATTACHMENT
NA,NA,NA,NA,NA,ATTACHMENT
NA,NA,NA,NA,NA,ATTACHMENT
NA,NA,NA,NA,NA,ATTACHMENT
NA,NA,NA,NA,NA,ATTACHMENT
NA,NA,NA,NA,NA,ATTACHMENT
NA,NA,NA,NA,NA,ATTACHMENT
NA,NA,NA,NA,NA,ATTACHMENT
NA,NA,NA,NA,NA,ATTACHMENT
NA,NA,NA,NA,NA,ATTACHMENT
NA,NA,NA,NA,NA,ATTACHMENT
NA,NA,NA,NA,NA,ATTACHMENT
NA,NA,NA,NA,NA,ATTACHMENT
NA,NA,NA,NA,NA,ATTACHMENT
